,Precision,Recall,F1,ROC-AUC,PR-AUC,TP,FN,FP
Gradient Boosting,0.8148148148148148,0.7333333333333333,0.7719298245614035,0.9988838612368025,0.9230955996608464,22.0,8.0,5.0
Random Forest,0.373134328358209,0.8333333333333334,0.5154639175257731,0.9939668174962293,0.773289089241975,25.0,5.0,42.0
Extra Trees,0.23076923076923078,0.6,0.3333333333333333,0.9757264957264957,0.47252728038275255,18.0,12.0,60.0
Logistic Regression,0.13274336283185842,1.0,0.234375,0.9834188034188034,0.3688372075067424,30.0,0.0,196.0
Decision Tree,0.10887096774193548,0.9,0.19424460431654678,0.9249019607843136,0.13537816693704735,27.0,3.0,221.0
